Glucose,Blood Pressure,Insulin,BMI,Age,Outcome
148,72,0,33.6,50,1
85,66,0,26.6,31,0
183,64,0,23.3,32,1
89,66,94,28.1,21,0
137,40,168,43.1,33,1
116,74,0,25.6,30,0
78,50,88,31,26,1
115,0,0,35.3,29,0
197,70,543,30.5,53,1
125,96,0,0,54,1
110,92,0,37.6,30,0
168,74,0,38,34,1
139,80,210,27.1,57,0
189,60,846,30.1,59,1
166,72,175,25.8,51,1
100,0,0,30,32,1
118,84,230,45.8,31,1
107,74,0,29.6,31,1
103,30,83,43.3,33,0
115,70,96,34.6,32,1
126,88,235,39.3,27,0
99,84,0,35.4,50,0
196,90,0,39.8,41,1
119,84,0,29,29,1
143,94,146,36.6,51,1
125,70,115,31.1,41,1
147,76,0,39.4,43,1
97,66,140,23.2,22,0
145,82,110,31.6,44,0
117,92,0,34.7,21,0
109,75,0,36,28,0
158,76,245,31.6,28,1
88,58,54,26.6,22,0
92,92,0,19.9,23,0
122,78,0,33.2,35,0
103,78,190,43.3,33,0
138,76,0,33.2,35,0
102,76,0,32.9,46,1
90,68,0,38.2,27,1
180,66,0,42,48,1
134,72,0,36.1,24,1
165,92,0,39.8,53,1
126,88,0,39.3,27,0
106,92,0,34.2,22,0
171,90,0,45.4,54,1
159,64,0,37.5,50,1
180,66,0,42,48,1
146,56,0,29.7,29,0
71,70,0,30.4,22,0
103,66,192,37.7,55,0
105,84,0,30.8,28,0
128,88,190,36.5,37,1
106,92,0,34.2,22,0
136,74,0,26,51,0
155,84,0,39.6,46,1
119,80,0,34.9,23,0
94,72,0,31.6,28,0
126,90,0,39.4,49,0
129,105,0,41.2,38,1
196,90,0,39.8,41,1
112,68,0,34.1,26,0
120,74,100,30.5,26,1
129,92,140,19.6,60,0
109,92,0,31.2,22,0
103,66,190,33.6,30,0
102,66,0,39.1,42,1
187,50,392,30.1,41,1
159,66,0,30.4,27,1
112,0,0,34.4,25,0
173,78,185,46.5,58,1
108,80,0,32.4,27,0
129,110,0,67.1,26,1
123,72,94,32,34,1
190,92,0,35.5,66,1
115,72,0,38.1,24,0
126,72,0,39,42,0
99,62,0,21.8,22,0
196,76,249,36.5,50,1
119,0,0,34.9,23,0
143,78,480,45,47,0
125,50,0,32.3,28,0
147,78,0,33.2,41,0
97,64,0,28.2,22,0
145,82,0,32.5,70,1
117,64,0,33.6,37,0
109,88,0,32.5,22,0
158,114,245,31.6,28,1
88,58,54,26.6,22,0
92,92,0,19.9,23,0
122,78,0,33.2,35,0
103,78,190,43.3,33,0
138,76,0,33.2,35,0
102,76,0,32.9,46,0
90,68,0,38.2,27,1
180,66,0,42,48,1
134,72,0,36.1,24,1
165,92,0,39.8,53,1
126,88,0,39.3,27,0
106,92,0,34.2,22,0
171,90,0,45.4,54,1
159,64,0,37.5,50,1
146,56,0,29.7,29,0
71,70,0,30.4,22,0
103,66,192,37.7,55,0
105,84,0,30.8,28,0
128,88,190,36.5,37,1
136,74,0,26,51,0
155,84,0,39.6,46,1
119,80,0,34.9,23,0
94,72,0,31.6,28,0
126,90,0,39.4,49,0
129,105,0,41.2,38,1
112,68,0,34.1,26,0
120,74,100,30.5,26,1
129,92,140,19.6,60,0
109,92,0,31.2,22,0
103,66,190,33.6,30,0
102,66,0,39.1,42,1
187,50,392,30.1,41,1
159,66,0,30.4,27,1
112,0,0,34.4,25,0
173,78,185,46.5,58,1
108,80,0,32.4,27,0
129,110,0,67.1,26,1
123,72,94,32,34,1
190,92,0,35.5,66,1
115,72,0,38.1,24,0
126,72,0,39,42,0
99,62,0,21.8,22,0
196,76,249,36.5,50,1
119,0,0,34.9,23,0
143,78,480,45,47,0
125,50,0,32.3,28,0
147,78,0,33.2,41,0
97,64,0,28.2,22,0
145,82,0,32.5,70,1
117,64,0,33.6,37,0
109,88,0,32.5,22,0
